{"cameraMode":{"drawMode":0,"name":"Shaded","section":"Shading Mode"},"sceneLighting":true,"audioPlay":false,"sceneViewState":{"m_AlwaysRefresh":true,"showFog":false,"showSkybox":false,"showFlares":true,"showImageEffects":true,"showParticleSystems":true,"showVisualEffectGraphs":true,"m_FxEnabled":true},"in2DMode":false,"pivot":{"x":10.774463653564454,"y":15.522791862487793,"z":-27.190052032470704},"rotation":{"x":0.23179891705513,"y":-0.023035727441310884,"z":0.005493660923093557,"w":0.9724484086036682},"size":12.12435531616211,"orthographic":false}