{"cameraMode":{"drawMode":0,"name":"Shaded","section":"Shading Mode"},"sceneLighting":false,"audioPlay":false,"sceneViewState":{"m_AlwaysRefresh":true,"showFog":false,"showSkybox":false,"showFlares":true,"showImageEffects":true,"showParticleSystems":true,"showVisualEffectGraphs":true,"m_FxEnabled":true},"in2DMode":false,"pivot":{"x":4.387720108032227,"y":11.48639965057373,"z":-18.616350173950197},"rotation":{"x":-0.18740995228290559,"y":-0.06889183074235916,"z":0.013142144307494164,"w":-0.9797350764274597},"size":0.024991154670715333,"orthographic":false}